{
  "overall_accuracy": 0.3300613496932515,
  "accuracy_by_variant": {
    "all w ans": 0.34824281150159747,
    "all": 0.3282828282828283,
    "all last": 0.30808080808080807,
    "partial": 0.32075471698113206
  },
  "accuracy_by_difficulty": {
    "easy": 0.4084507042253521,
    "medium": 0.3484848484848485,
    "hard": 0.21311475409836064
  },
  "accuracy_by_steps": {
    "2steps": 0.29347826086956524,
    "3steps": 0.3584905660377358
  },
  "accuracy_by_transformation": {
    "rotate": 0.34579439252336447,
    "translate": 0.3151515151515151,
    "flip": 0.3235294117647059,
    "scale": 0.33783783783783783
  }
}