{
  "overall_accuracy": 0.3187250996015936,
  "accuracy_by_difficulty": {
    "easy": 0.4111111111111111,
    "medium": 0.30120481927710846,
    "hard": 0.23076923076923078
  },
  "accuracy_by_variant": {
    "all w ans": 0.34824281150159747,
    "all": 0.3282828282828283,
    "all last": 0.30808080808080807,
    "partial": 0.32075471698113206
  }
}