{
  "overall_accuracy": 0.3300653594771242,
  "accuracy_by_variant": {
    "all": 0.31862745098039214,
    "partial": 0.35294117647058826
  },
  "accuracy_by_difficulty": {
    "easy": 0.47058823529411764,
    "medium": 0.29411764705882354,
    "hard": 0.29411764705882354
  },
  "accuracy_by_steps": {
    "3steps": 0.35294117647058826
  },
  "accuracy_by_transformation": {
    "rotate": 0.3148148148148148,
    "translate": 0.3411764705882353,
    "shear": 0.3333333333333333,
    "scale": 0.38,
    "flip": 0.2916666666666667
  }
}