{
  "overall_accuracy": 0.3300653594771242,
  "accuracy_by_variant": {
    "all": 0.31862745098039214,
    "partial": 0.35294117647058826
  },
  "accuracy_by_difficulty": {
    "easy": 0.45588235294117646,
    "medium": 0.27941176470588236,
    "hard": 0.22058823529411764
  },
  "accuracy_by_steps": {
    "2steps": 0.2549019607843137,
    "3steps": 0.38235294117647056
  },
  "accuracy_by_transformation": {
    "rotate": 0.32038834951456313,
    "translate": 0.3393939393939394,
    "shear": 0.2619047619047619,
    "scale": 0.4032258064516129,
    "flip": 0.2692307692307692
  }
}