{
  "overall_accuracy": 0.3300653594771242,
  "accuracy_by_difficulty": {
    "easy": 0.46078431372549017,
    "medium": 0.28431372549019607,
    "hard": 0.24509803921568626
  },
  "accuracy_by_variant": {
    "all": 0.31862745098039214,
    "partial": 0.35294117647058826
  }
}