{
  "overall_accuracy": 0.35294117647058826,
  "accuracy_by_variant": {
    "no": 0.35294117647058826
  },
  "accuracy_by_difficulty": {
    "easy": 0.4803921568627451,
    "medium": 0.29411764705882354,
    "hard": 0.28431372549019607
  },
  "accuracy_by_steps": {
    "1steps": 0.4411764705882353,
    "2steps": 0.24509803921568626,
    "3steps": 0.37254901960784315
  },
  "accuracy_by_transformation": {
    "shear": 0.3877551020408163,
    "translate": 0.323943661971831,
    "scale": 0.4222222222222222,
    "rotate": 0.3017241379310345,
    "flip": 0.35714285714285715
  }
}