{
  "overall_accuracy": 0.36519607843137253,
  "accuracy_by_variant": {
    "all w ans": 0.3758169934640523,
    "all": 0.36764705882352944,
    "all last": 0.35784313725490197,
    "partial": 0.3431372549019608
  },
  "accuracy_by_difficulty": {
    "easy": 0.5147058823529411,
    "medium": 0.27941176470588236,
    "hard": 0.3088235294117647
  },
  "accuracy_by_steps": {
    "2steps": 0.3627450980392157,
    "3steps": 0.37254901960784315
  },
  "accuracy_by_transformation": {
    "shear": 0.3333333333333333,
    "translate": 0.3148148148148148,
    "rotate": 0.41414141414141414,
    "scale": 0.40860215053763443
  }
}