{
  "overall_accuracy": 0.2549019607843137,
  "accuracy_by_difficulty": {
    "easy": 0.29411764705882354,
    "medium": 0.20588235294117646,
    "hard": 0.2647058823529412
  },
  "accuracy_by_variant": {
    "no": 0.2549019607843137
  }
}