{
  "overall_f1": 0.4074146319657582,
  "overall_accuracy": 0.42786069651741293,
  "metrics_by_variant": {
    "q+steps+all intermediate last vis": {
      "f1": 0.43184901936597997,
      "accuracy": 0.4787234042553192,
      "count": 94
    },
    "q+steps+all intermediate vis": {
      "f1": 0.4485890652557319,
      "accuracy": 0.4583333333333333,
      "count": 120
    },
    "q+steps+partial vis": {
      "f1": 0.331777108433735,
      "accuracy": 0.3493975903614458,
      "count": 83
    },
    "all for valid no": {
      "f1": 0.4,
      "accuracy": 0.25,
      "count": 56
    },
    "all for valid yes": {
      "f1": 0.7435897435897436,
      "accuracy": 0.5918367346938775,
      "count": 49
    }
  },
  "metrics_by_steps": {
    "5": {
      "f1": 0.4074146319657582,
      "accuracy": 0.42786069651741293,
      "count": 402
    }
  },
  "all_metrics": {
    "overall_f1": 0.4074146319657582,
    "q+steps+all intermediate last vis_f1": 0.43184901936597997,
    "q+steps+all intermediate vis_f1": 0.4485890652557319,
    "q+steps+partial vis_f1": 0.331777108433735,
    "all for valid no_f1": 0.4,
    "all for valid yes_f1": 0.7435897435897436,
    "5_f1": 0.4074146319657582,
    "5_count": 402
  }
}