{
  "overall_f1": 0.3401305454143157,
  "overall_accuracy": 0.44,
  "metrics_by_variant": {
    "step3": {
      "f1": 0.3307932246219449,
      "accuracy": 0.45161290322580644,
      "count": 62
    },
    "step5": {
      "f1": 0.20678122477222927,
      "accuracy": 0.2692307692307692,
      "count": 26
    },
    "step2": {
      "f1": 0.6215886326578149,
      "accuracy": 0.6792452830188679,
      "count": 53
    },
    "step6": {
      "f1": 0.3846153846153846,
      "accuracy": 0.23809523809523808,
      "count": 21
    },
    "step4": {
      "f1": 0.15157894736842104,
      "accuracy": 0.3157894736842105,
      "count": 38
    }
  },
  "metrics_by_steps": {
    "5": {
      "f1": 0.3401305454143157,
      "accuracy": 0.44,
      "count": 200
    }
  },
  "all_metrics": {
    "overall_f1": 0.3401305454143157,
    "step3_f1": 0.3307932246219449,
    "step5_f1": 0.20678122477222927,
    "step2_f1": 0.6215886326578149,
    "step6_f1": 0.3846153846153846,
    "step4_f1": 0.15157894736842104,
    "5_f1": 0.3401305454143157,
    "5_count": 200
  }
}