{
  "overall_f1": 0.5450793588626371,
  "overall_accuracy": 0.5425531914893617,
  "metrics_by_variant": {
    "q+steps": {
      "f1": 0.4839679719740915,
      "accuracy": 0.4854368932038835,
      "count": 206
    },
    "q only": {
      "f1": 0.620270643468655,
      "accuracy": 0.611764705882353,
      "count": 170
    }
  },
  "metrics_by_steps": {
    "5": {
      "f1": 0.6207273721629751,
      "accuracy": 0.6226415094339622,
      "count": 106
    },
    "4": {
      "f1": 0.5277294685990338,
      "accuracy": 0.52,
      "count": 100
    },
    "7": {
      "f1": 0.670940170940171,
      "accuracy": 0.6923076923076923,
      "count": 39
    },
    "6": {
      "f1": 0.59439736346516,
      "accuracy": 0.5932203389830508,
      "count": 59
    },
    "3": {
      "f1": 0.38095238095238093,
      "accuracy": 0.23529411764705882,
      "count": 34
    },
    "8": {
      "f1": 0.4618736383442266,
      "accuracy": 0.5,
      "count": 22
    },
    "9": {
      "f1": 0.22064777327935223,
      "accuracy": 0.3125,
      "count": 16
    }
  },
  "all_metrics": {
    "overall_f1": 0.5450793588626371,
    "q+steps_f1": 0.4839679719740915,
    "q only_f1": 0.620270643468655,
    "5_f1": 0.6207273721629751,
    "5_count": 106,
    "4_f1": 0.5277294685990338,
    "4_count": 100,
    "7_f1": 0.670940170940171,
    "7_count": 39,
    "6_f1": 0.59439736346516,
    "6_count": 59,
    "3_f1": 0.38095238095238093,
    "3_count": 34,
    "8_f1": 0.4618736383442266,
    "8_count": 22,
    "9_f1": 0.22064777327935223,
    "9_count": 16
  }
}