{
  "overall_accuracy": 0.5680981595092025,
  "accuracy_by_variant": {
    "all w ans": 0.6038338658146964,
    "all": 0.5454545454545454,
    "all last": 0.5656565656565656,
    "partial": 0.5094339622641509
  },
  "accuracy_by_difficulty": {
    "easy": 0.647887323943662,
    "medium": 0.48484848484848486,
    "hard": 0.4918032786885246
  },
  "accuracy_by_steps": {
    "2steps": 0.5652173913043478,
    "3steps": 0.5283018867924528
  },
  "accuracy_by_transformation": {
    "rotate": 0.5327102803738317,
    "translate": 0.5393939393939394,
    "flip": 0.5,
    "scale": 0.7297297297297297
  }
}