{
  "overall_accuracy": 0.4542483660130719,
  "accuracy_by_variant": {
    "all": 0.45588235294117646,
    "partial": 0.45098039215686275
  },
  "accuracy_by_difficulty": {
    "easy": 0.5735294117647058,
    "medium": 0.4411764705882353,
    "hard": 0.35294117647058826
  },
  "accuracy_by_steps": {
    "2steps": 0.39215686274509803,
    "3steps": 0.5196078431372549
  },
  "accuracy_by_transformation": {
    "rotate": 0.4368932038834951,
    "translate": 0.4727272727272727,
    "shear": 0.3333333333333333,
    "scale": 0.5967741935483871,
    "flip": 0.6923076923076923
  }
}