{
  "overall_accuracy": 0.40441176470588236,
  "accuracy_by_variant": {
    "all w ans": 0.4117647058823529,
    "all": 0.4264705882352941,
    "all last": 0.4019607843137255,
    "partial": 0.3431372549019608
  },
  "accuracy_by_difficulty": {
    "easy": 0.5588235294117647,
    "medium": 0.27941176470588236,
    "hard": 0.4411764705882353
  },
  "accuracy_by_steps": {
    "2steps": 0.46078431372549017,
    "3steps": 0.39215686274509803
  },
  "accuracy_by_transformation": {
    "shear": 0.37333333333333335,
    "translate": 0.4074074074074074,
    "rotate": 0.43434343434343436,
    "scale": 0.5698924731182796
  }
}