{
  "overall_accuracy": 0.4084967320261438,
  "accuracy_by_variant": {
    "no": 0.4084967320261438
  },
  "accuracy_by_difficulty": {
    "easy": 0.4803921568627451,
    "medium": 0.37254901960784315,
    "hard": 0.37254901960784315
  },
  "accuracy_by_steps": {
    "1steps": 0.3431372549019608,
    "2steps": 0.4803921568627451,
    "3steps": 0.4019607843137255
  },
  "accuracy_by_transformation": {
    "translate": 0.40522875816993464,
    "shear": 0.32407407407407407,
    "rotate": 0.3783783783783784,
    "scale": 0.6
  }
}