{
  "overall_f1": 0.36477915496353003,
  "overall_accuracy": 0.5049751243781094,
  "metrics_by_variant": {
    "q+steps+all intermediate last vis": {
      "f1": 0.37894582293348994,
      "accuracy": 0.5212765957446809,
      "count": 94
    },
    "q+steps+all intermediate vis": {
      "f1": 0.3728278388278388,
      "accuracy": 0.5083333333333333,
      "count": 120
    },
    "q+steps+partial vis": {
      "f1": 0.3469197206112079,
      "accuracy": 0.4939759036144578,
      "count": 83
    },
    "all for valid no": {
      "f1": 0.10169491525423731,
      "accuracy": 0.05357142857142857,
      "count": 56
    },
    "all for valid yes": {
      "f1": 1.0,
      "accuracy": 1.0,
      "count": 49
    }
  },
  "metrics_by_steps": {
    "5": {
      "f1": 0.36477915496353003,
      "accuracy": 0.5049751243781094,
      "count": 402
    }
  },
  "all_metrics": {
    "overall_f1": 0.36477915496353003,
    "q+steps+all intermediate last vis_f1": 0.37894582293348994,
    "q+steps+all intermediate vis_f1": 0.3728278388278388,
    "q+steps+partial vis_f1": 0.3469197206112079,
    "all for valid no_f1": 0.10169491525423731,
    "all for valid yes_f1": 1.0,
    "5_f1": 0.36477915496353003,
    "5_count": 402
  }
}