{
  "overall_f1": 0.4015524349051836,
  "overall_accuracy": 0.465,
  "metrics_by_variant": {
    "step3": {
      "f1": 0.43181165661785814,
      "accuracy": 0.5,
      "count": 62
    },
    "step5": {
      "f1": 0.18956043956043958,
      "accuracy": 0.23076923076923078,
      "count": 26
    },
    "step2": {
      "f1": 0.6074746008708273,
      "accuracy": 0.660377358490566,
      "count": 53
    },
    "step6": {
      "f1": 0.5,
      "accuracy": 0.3333333333333333,
      "count": 21
    },
    "step4": {
      "f1": 0.28787185354691075,
      "accuracy": 0.3684210526315789,
      "count": 38
    }
  },
  "metrics_by_steps": {
    "5": {
      "f1": 0.4015524349051836,
      "accuracy": 0.465,
      "count": 200
    }
  },
  "all_metrics": {
    "overall_f1": 0.4015524349051836,
    "step3_f1": 0.43181165661785814,
    "step5_f1": 0.18956043956043958,
    "step2_f1": 0.6074746008708273,
    "step6_f1": 0.5,
    "step4_f1": 0.28787185354691075,
    "5_f1": 0.4015524349051836,
    "5_count": 200
  }
}