{
  "accuracy": 0.3524416135881104,
  "f1_macro": 0.34810927682893505,
  "answer_counts": {
    "a": {
      "gt": 151,
      "pred": 135
    },
    "b": {
      "gt": 161,
      "pred": 200
    },
    "c": {
      "gt": 159,
      "pred": 136
    }
  },
  "total_samples": 471
}