{
  "overall_f1": 0.6072246612451841,
  "overall_accuracy": 0.6090425531914894,
  "metrics_by_variant": {
    "q+steps": {
      "f1": 0.517301566689328,
      "accuracy": 0.5436893203883495,
      "count": 206
    },
    "q only": {
      "f1": 0.6945241726189595,
      "accuracy": 0.6882352941176471,
      "count": 170
    }
  },
  "metrics_by_steps": {
    "5": {
      "f1": 0.6966064641980292,
      "accuracy": 0.6981132075471698,
      "count": 106
    },
    "4": {
      "f1": 0.5312691269126912,
      "accuracy": 0.53,
      "count": 100
    },
    "7": {
      "f1": 0.7948717948717948,
      "accuracy": 0.7948717948717948,
      "count": 39
    },
    "6": {
      "f1": 0.6251445663010968,
      "accuracy": 0.6271186440677966,
      "count": 59
    },
    "3": {
      "f1": 0.21052631578947367,
      "accuracy": 0.11764705882352941,
      "count": 34
    },
    "8": {
      "f1": 0.7712918660287081,
      "accuracy": 0.7727272727272727,
      "count": 22
    },
    "9": {
      "f1": 0.8188405797101449,
      "accuracy": 0.8125,
      "count": 16
    }
  },
  "all_metrics": {
    "overall_f1": 0.6072246612451841,
    "q+steps_f1": 0.517301566689328,
    "q only_f1": 0.6945241726189595,
    "5_f1": 0.6966064641980292,
    "5_count": 106,
    "4_f1": 0.5312691269126912,
    "4_count": 100,
    "7_f1": 0.7948717948717948,
    "7_count": 39,
    "6_f1": 0.6251445663010968,
    "6_count": 59,
    "3_f1": 0.21052631578947367,
    "3_count": 34,
    "8_f1": 0.7712918660287081,
    "8_count": 22,
    "9_f1": 0.8188405797101449,
    "9_count": 16
  }
}