{
  "overall_f1": 0.49154588368237273,
  "overall_accuracy": 0.5222513089005235,
  "metrics_by_variant": {
    "q+steps+all intermediate last vis": {
      "f1": 0.4181240063593005,
      "accuracy": 0.45454545454545453,
      "count": 176
    },
    "all for valid no": {
      "f1": 0.896551724137931,
      "accuracy": 0.8125,
      "count": 96
    },
    "q+steps+all intermediate vis": {
      "f1": 0.4823609438828404,
      "accuracy": 0.5194174757281553,
      "count": 206
    },
    "all for valid yes": {
      "f1": 0.4827586206896552,
      "accuracy": 0.3181818181818182,
      "count": 110
    },
    "q+steps+partial vis": {
      "f1": 0.5429425249713443,
      "accuracy": 0.5625,
      "count": 176
    }
  },
  "metrics_by_steps": {
    "5": {
      "f1": 0.5060941072452356,
      "accuracy": 0.5420560747663551,
      "count": 214
    },
    "4": {
      "f1": 0.37448578896090934,
      "accuracy": 0.42783505154639173,
      "count": 194
    },
    "9": {
      "f1": 0.7884615384615384,
      "accuracy": 0.8125,
      "count": 32
    },
    "7": {
      "f1": 0.5731739808929319,
      "accuracy": 0.5813953488372093,
      "count": 86
    },
    "8": {
      "f1": 0.7309492467456487,
      "accuracy": 0.7291666666666666,
      "count": 48
    },
    "3": {
      "f1": 0.3,
      "accuracy": 0.17647058823529413,
      "count": 68
    },
    "6": {
      "f1": 0.6150799508880831,
      "accuracy": 0.6311475409836066,
      "count": 122
    }
  },
  "all_metrics": {
    "overall_f1": 0.49154588368237273,
    "q+steps+all intermediate last vis_f1": 0.4181240063593005,
    "all for valid no_f1": 0.896551724137931,
    "q+steps+all intermediate vis_f1": 0.4823609438828404,
    "all for valid yes_f1": 0.4827586206896552,
    "q+steps+partial vis_f1": 0.5429425249713443,
    "5_f1": 0.5060941072452356,
    "5_count": 214,
    "4_f1": 0.37448578896090934,
    "4_count": 194,
    "9_f1": 0.7884615384615384,
    "9_count": 32,
    "7_f1": 0.5731739808929319,
    "7_count": 86,
    "8_f1": 0.7309492467456487,
    "8_count": 48,
    "3_f1": 0.3,
    "3_count": 68,
    "6_f1": 0.6150799508880831,
    "6_count": 122
  }
}