{
  "overall_accuracy": 0.3867924528301887,
  "accuracy_by_variant": {
    "no": 0.3867924528301887
  },
  "accuracy_by_difficulty": {
    "easy": 0.39473684210526316,
    "medium": 0.46296296296296297,
    "hard": 0.2916666666666667
  },
  "accuracy_by_steps": {
    "1steps": 0.4956521739130435,
    "2steps": 0.33695652173913043,
    "3steps": 0.3153153153153153
  },
  "accuracy_by_transformation": {
    "translate": 0.3459915611814346,
    "scale": 0.5104166666666666,
    "rotate": 0.3308270676691729,
    "flip": 0.3170731707317073
  }
}