{
  "overall_accuracy": 0.35828220858895704,
  "accuracy_by_variant": {
    "all w ans": 0.4057507987220447,
    "all": 0.36363636363636365,
    "all last": 0.3181818181818182,
    "partial": 0.2830188679245283
  },
  "accuracy_by_difficulty": {
    "easy": 0.39436619718309857,
    "medium": 0.3484848484848485,
    "hard": 0.3442622950819672
  },
  "accuracy_by_steps": {
    "2steps": 0.3804347826086957,
    "3steps": 0.3490566037735849
  },
  "accuracy_by_transformation": {
    "rotate": 0.411214953271028,
    "translate": 0.3393939393939394,
    "flip": 0.20588235294117646,
    "scale": 0.4864864864864865
  }
}