{
  "overall_accuracy": 0.26143790849673204,
  "accuracy_by_variant": {
    "all": 0.27941176470588236,
    "partial": 0.22549019607843138
  },
  "accuracy_by_difficulty": {
    "easy": 0.23529411764705882,
    "medium": 0.20588235294117646,
    "hard": 0.23529411764705882
  },
  "accuracy_by_steps": {
    "3steps": 0.22549019607843138
  },
  "accuracy_by_transformation": {
    "rotate": 0.2962962962962963,
    "translate": 0.23137254901960785,
    "shear": 0.25,
    "scale": 0.29,
    "flip": 0.125
  }
}