{
  "overall_accuracy": 0.27124183006535946,
  "accuracy_by_difficulty": {
    "easy": 0.22549019607843138,
    "medium": 0.3235294117647059,
    "hard": 0.2647058823529412
  },
  "accuracy_by_variant": {
    "easy no": 0.22549019607843138,
    "medium no": 0.3235294117647059,
    "hard no": 0.2647058823529412
  }
}