{
  "overall_accuracy": 0.2875816993464052,
  "accuracy_by_variant": {
    "all": 0.28431372549019607,
    "partial": 0.29411764705882354
  },
  "accuracy_by_difficulty": {
    "easy": 0.2647058823529412,
    "medium": 0.23529411764705882,
    "hard": 0.38235294117647056
  },
  "accuracy_by_steps": {
    "3steps": 0.29411764705882354
  },
  "accuracy_by_transformation": {
    "translate": 0.3020833333333333,
    "scale": 0.3333333333333333,
    "rotate": 0.2898550724637681,
    "shear": 0.30952380952380953
  }
}