{
  "overall_accuracy": 0.2875816993464052,
  "accuracy_by_difficulty": {
    "easy": 0.2647058823529412,
    "medium": 0.21568627450980393,
    "hard": 0.38235294117647056
  },
  "accuracy_by_variant": {
    "all": 0.28431372549019607,
    "partial": 0.29411764705882354
  }
}