{
  "overall_accuracy": 0.2549019607843137,
  "accuracy_by_difficulty": {
    "easy": 0.2549019607843137,
    "medium": 0.20588235294117646,
    "hard": 0.30392156862745096
  },
  "accuracy_by_variant": {
    "no": 0.2549019607843137
  }
}