{
  "overall_accuracy": 0.2875816993464052,
  "accuracy_by_variant": {
    "all": 0.28431372549019607,
    "partial": 0.29411764705882354
  },
  "accuracy_by_difficulty": {
    "easy": 0.2647058823529412,
    "medium": 0.20588235294117646,
    "hard": 0.38235294117647056
  },
  "accuracy_by_steps": {
    "2steps": 0.28431372549019607,
    "3steps": 0.28431372549019607
  },
  "accuracy_by_transformation": {
    "translate": 0.29457364341085274,
    "scale": 0.32051282051282054,
    "rotate": 0.27380952380952384,
    "shear": 0.2857142857142857
  }
}