{
  "overall_f1": 0.2847748106815464,
  "overall_accuracy": 0.22797927461139897,
  "metrics_by_variant": {
    "q_only": {
      "f1": 0.0,
      "accuracy": 0.0,
      "count": 96
    },
    "q+steps": {
      "f1": 0.4051546391752577,
      "accuracy": 0.4536082474226804,
      "count": 97
    }
  }
}