{
  "overall_f1": 0.37946839022258555,
  "overall_accuracy": 0.5049751243781094,
  "metrics_by_variant": {
    "q+steps+all_intermediate_last_vis": {
      "f1": 0.4561679790026246,
      "accuracy": 0.5212765957446809,
      "count": 94
    },
    "q+steps+all_intermediate_vis": {
      "f1": 0.3423341790503806,
      "accuracy": 0.5,
      "count": 120
    },
    "q+steps+partial_vis": {
      "f1": 0.4022304092402668,
      "accuracy": 0.5301204819277109,
      "count": 83
    },
    "q+steps+all_vis": {
      "f1": 0.3176241256736613,
      "accuracy": 0.47619047619047616,
      "count": 105
    }
  }
}