{
  "overall_f1": 0.4128164469574161,
  "overall_accuracy": 0.38682432432432434,
  "metrics_by_variant": {
    "q+steps+all intermediate last vis": {
      "f1": 0.39824929971988793,
      "accuracy": 0.3522727272727273,
      "count": 176
    },
    "all for valid no": {
      "f1": 0.21875,
      "accuracy": 0.12280701754385964,
      "count": 57
    },
    "q+steps+all intermediate vis": {
      "f1": 0.40159892738242675,
      "accuracy": 0.3935483870967742,
      "count": 155
    },
    "q+steps+partial vis": {
      "f1": 0.44902172316512945,
      "accuracy": 0.4129032258064516,
      "count": 155
    },
    "all for valid yes": {
      "f1": 0.8333333333333334,
      "accuracy": 0.7142857142857143,
      "count": 49
    }
  },
  "metrics_by_steps": {
    "5": {
      "f1": 0.43382557815547507,
      "accuracy": 0.4942528735632184,
      "count": 174
    },
    "4": {
      "f1": 0.3946980854197349,
      "accuracy": 0.34536082474226804,
      "count": 194
    },
    "9": {
      "f1": 0.7296296296296296,
      "accuracy": 0.65,
      "count": 20
    },
    "7": {
      "f1": 0.2515366430260047,
      "accuracy": 0.3111111111111111,
      "count": 45
    },
    "8": {
      "f1": 0.3203194321206744,
      "accuracy": 0.38095238095238093,
      "count": 21
    },
    "3": {
      "f1": 0.4,
      "accuracy": 0.25,
      "count": 68
    },
    "6": {
      "f1": 0.29019300991131974,
      "accuracy": 0.34285714285714286,
      "count": 70
    }
  },
  "all_metrics": {
    "overall_f1": 0.4128164469574161,
    "q+steps+all intermediate last vis_f1": 0.39824929971988793,
    "all for valid no_f1": 0.21875,
    "q+steps+all intermediate vis_f1": 0.40159892738242675,
    "q+steps+partial vis_f1": 0.44902172316512945,
    "all for valid yes_f1": 0.8333333333333334,
    "5_f1": 0.43382557815547507,
    "5_count": 174,
    "4_f1": 0.3946980854197349,
    "4_count": 194,
    "9_f1": 0.7296296296296296,
    "9_count": 20,
    "7_f1": 0.2515366430260047,
    "7_count": 45,
    "8_f1": 0.3203194321206744,
    "8_count": 21,
    "3_f1": 0.4,
    "3_count": 68,
    "6_f1": 0.29019300991131974,
    "6_count": 70
  }
}