{
  "overall_f1": 0.30321893595064003,
  "overall_accuracy": 0.22340425531914893,
  "metrics_by_variant": {
    "q+steps": {
      "f1": 0.14626519723607104,
      "accuracy": 0.0825242718446602,
      "count": 206
    },
    "q only": {
      "f1": 0.3941176470588235,
      "accuracy": 0.3941176470588235,
      "count": 170
    }
  },
  "metrics_by_steps": {
    "5": {
      "f1": 0.3258808634159898,
      "accuracy": 0.25471698113207547,
      "count": 106
    },
    "4": {
      "f1": 0.23132530120481928,
      "accuracy": 0.15,
      "count": 100
    },
    "7": {
      "f1": 0.43297894517406715,
      "accuracy": 0.358974358974359,
      "count": 39
    },
    "6": {
      "f1": 0.2229976736457295,
      "accuracy": 0.2033898305084746,
      "count": 59
    },
    "3": {
      "f1": 0.0,
      "accuracy": 0.0,
      "count": 34
    },
    "8": {
      "f1": 0.3727272727272727,
      "accuracy": 0.36363636363636365,
      "count": 22
    },
    "9": {
      "f1": 0.5288461538461539,
      "accuracy": 0.5,
      "count": 16
    }
  },
  "all_metrics": {
    "overall_f1": 0.30321893595064003,
    "q+steps_f1": 0.14626519723607104,
    "q only_f1": 0.3941176470588235,
    "5_f1": 0.3258808634159898,
    "5_count": 106,
    "4_f1": 0.23132530120481928,
    "4_count": 100,
    "7_f1": 0.43297894517406715,
    "7_count": 39,
    "6_f1": 0.2229976736457295,
    "6_count": 59,
    "3_f1": 0.0,
    "3_count": 34,
    "8_f1": 0.3727272727272727,
    "8_count": 22,
    "9_f1": 0.5288461538461539,
    "9_count": 16
  }
}