{
  "overall_f1": 0.30321893595064003,
  "overall_accuracy": 0.22340425531914893,
  "metrics_by_variant": {
    "q+steps": {
      "f1": 0.14626519723607104,
      "accuracy": 0.0825242718446602,
      "count": 206
    },
    "q_only": {
      "f1": 0.3941176470588235,
      "accuracy": 0.3941176470588235,
      "count": 170
    }
  }
}