{
  "overall_accuracy": 0.13725490196078433,
  "accuracy_by_difficulty": {
    "easy": 0.14705882352941177,
    "medium": 0.14705882352941177,
    "hard": 0.11764705882352941
  },
  "accuracy_by_variant": {
    "no": 0.13725490196078433
  }
}