{
  "overall_accuracy": 0.30196078431372547,
  "accuracy_by_difficulty": {
    "easy": 0.3411764705882353,
    "medium": 0.32941176470588235,
    "hard": 0.23529411764705882
  },
  "accuracy_by_variant": {
    "all w ans": 0.30392156862745096,
    "all": 0.3284313725490196,
    "all last": 0.28431372549019607,
    "partial": 0.28431372549019607
  }
}