{
  "overall_accuracy": 0.30269607843137253,
  "accuracy_by_variant": {
    "all w ans": 0.30392156862745096,
    "all": 0.3284313725490196,
    "all last": 0.28431372549019607,
    "partial": 0.28431372549019607
  },
  "accuracy_by_difficulty": {
    "easy": 0.3382352941176471,
    "medium": 0.3235294117647059,
    "hard": 0.24632352941176472
  },
  "accuracy_by_steps": {
    "1steps": 0.24509803921568626,
    "2steps": 0.34967320261437906,
    "3steps": 0.2818627450980392
  },
  "accuracy_by_transformation": {
    "translate": 0.2323943661971831,
    "shear": 0.2977346278317152,
    "rotate": 0.30578512396694213,
    "scale": 0.42342342342342343
  }
}