{
  "overall_accuracy": 0.29411764705882354,
  "accuracy_by_difficulty": {
    "easy": 0.2549019607843137,
    "medium": 0.24509803921568626,
    "hard": 0.38235294117647056
  },
  "accuracy_by_variant": {
    "all": 0.29901960784313725,
    "partial": 0.28431372549019607
  }
}