{
  "overall_accuracy": 0.29411764705882354,
  "accuracy_by_difficulty": {
    "easy": 0.28431372549019607,
    "medium": 0.2647058823529412,
    "hard": 0.3333333333333333
  },
  "accuracy_by_variant": {
    "no": 0.29411764705882354
  }
}