{
  "overall_accuracy": 0.29411764705882354,
  "accuracy_by_variant": {
    "all": 0.29901960784313725,
    "partial": 0.28431372549019607
  },
  "accuracy_by_difficulty": {
    "easy": 0.2647058823529412,
    "medium": 0.27941176470588236,
    "hard": 0.35294117647058826
  },
  "accuracy_by_steps": {
    "2steps": 0.3235294117647059,
    "3steps": 0.27450980392156865
  },
  "accuracy_by_transformation": {
    "translate": 0.2558139534883721,
    "scale": 0.358974358974359,
    "rotate": 0.3333333333333333,
    "shear": 0.2619047619047619
  }
}