{
  "overall_accuracy": 0.29411764705882354,
  "accuracy_by_variant": {
    "all": 0.29901960784313725,
    "partial": 0.28431372549019607
  },
  "accuracy_by_difficulty": {
    "easy": 0.23529411764705882,
    "medium": 0.17647058823529413,
    "hard": 0.4411764705882353
  },
  "accuracy_by_steps": {
    "3steps": 0.28431372549019607
  },
  "accuracy_by_transformation": {
    "translate": 0.24479166666666666,
    "scale": 0.3416666666666667,
    "rotate": 0.2971014492753623,
    "shear": 0.2777777777777778
  }
}