{
  "overall_f1": 0.4748797953964194,
  "overall_accuracy": 0.47,
  "metrics_by_variant": {
    "step3": {
      "f1": 0.41935483870967744,
      "accuracy": 0.41935483870967744,
      "count": 62
    },
    "step5": {
      "f1": 0.5495495495495496,
      "accuracy": 0.5,
      "count": 26
    },
    "step2": {
      "f1": 0.44412817176317504,
      "accuracy": 0.4339622641509434,
      "count": 53
    },
    "step6": {
      "f1": 0.7272727272727273,
      "accuracy": 0.5714285714285714,
      "count": 21
    },
    "step4": {
      "f1": 0.5350607287449393,
      "accuracy": 0.5263157894736842,
      "count": 38
    }
  },
  "metrics_by_steps": {
    "5": {
      "f1": 0.4748797953964194,
      "accuracy": 0.47,
      "count": 200
    }
  },
  "all_metrics": {
    "overall_f1": 0.4748797953964194,
    "step3_f1": 0.41935483870967744,
    "step5_f1": 0.5495495495495496,
    "step2_f1": 0.44412817176317504,
    "step6_f1": 0.7272727272727273,
    "step4_f1": 0.5350607287449393,
    "5_f1": 0.4748797953964194,
    "5_count": 200
  }
}