{
  "overall_f1": 0.6149053802725427,
  "overall_accuracy": 0.5975,
  "metrics_by_variant": {
    "color": {
      "f1": 0.7096520303863554,
      "accuracy": 0.705,
      "count": 200
    },
    "connectivity": {
      "f1": 0.5201587301587302,
      "accuracy": 0.49,
      "count": 200
    }
  }
}