{
  "overall_accuracy": 0.3286852589641434,
  "accuracy_by_difficulty": {
    "easy": 0.3611111111111111,
    "medium": 0.30120481927710846,
    "hard": 0.32051282051282054
  },
  "accuracy_by_variant": {
    "all w ans": 0.4057507987220447,
    "all": 0.36363636363636365,
    "all last": 0.3181818181818182,
    "partial": 0.2830188679245283
  }
}