{
  "overall_accuracy": 0.3867924528301887,
  "accuracy_by_difficulty": {
    "easy": 0.39473684210526316,
    "medium": 0.46296296296296297,
    "hard": 0.2916666666666667
  },
  "accuracy_by_variant": {
    "": 0.3867924528301887
  }
}