{
  "overall_accuracy": 0.26143790849673204,
  "accuracy_by_difficulty": {
    "easy": 0.3235294117647059,
    "medium": 0.19607843137254902,
    "hard": 0.2647058823529412
  },
  "accuracy_by_variant": {
    "all": 0.27941176470588236,
    "partial": 0.22549019607843138
  }
}