{
  "overall_accuracy": 0.28431372549019607,
  "accuracy_by_difficulty": {
    "easy": 0.3137254901960784,
    "medium": 0.28431372549019607,
    "hard": 0.2549019607843137
  },
  "accuracy_by_variant": {
    "no": 0.28431372549019607
  }
}