{
  "overall_f1": 0.4128164469574161,
  "overall_accuracy": 0.38682432432432434,
  "metrics_by_variant": {
    "q+steps+all_intermediate_last_vis": {
      "f1": 0.39824929971988793,
      "accuracy": 0.3522727272727273,
      "count": 176
    },
    "q+steps+all_for_valid_vis": {
      "f1": 0.3923883244637962,
      "accuracy": 0.39622641509433965,
      "count": 106
    },
    "q+steps+all_intermediate_vis": {
      "f1": 0.40159892738242675,
      "accuracy": 0.3935483870967742,
      "count": 155
    },
    "q+steps+partial_vis": {
      "f1": 0.44902172316512945,
      "accuracy": 0.4129032258064516,
      "count": 155
    }
  }
}