{
  "overall_accuracy": 0.545816733067729,
  "accuracy_by_difficulty": {
    "easy": 0.6,
    "medium": 0.5,
    "hard": 0.532051282051282
  },
  "accuracy_by_variant": {
    "all w ans": 0.6038338658146964,
    "all": 0.5454545454545454,
    "all last": 0.5656565656565656,
    "partial": 0.5094339622641509
  }
}