{
  "overall_accuracy": 0.5680981595092025,
  "accuracy_by_variant": {
    "all w ans": 0.6038338658146964,
    "all": 0.5454545454545454,
    "all last": 0.5656565656565656,
    "partial": 0.5094339622641509
  },
  "accuracy_by_difficulty": {
    "easy": 0.6224489795918368,
    "medium": 0.5223880597014925,
    "hard": 0.5533596837944664
  },
  "accuracy_by_steps": {
    "1steps": 0.6956521739130435,
    "2steps": 0.5797101449275363,
    "3steps": 0.5259433962264151
  },
  "accuracy_by_transformation": {
    "translate": 0.5521472392638037,
    "scale": 0.7708333333333334,
    "rotate": 0.5325301204819277,
    "flip": 0.4846153846153846
  }
}