{
  "overall_accuracy": 0.550314465408805,
  "accuracy_by_variant": {
    "no": 0.550314465408805
  },
  "accuracy_by_difficulty": {
    "easy": 0.631578947368421,
    "medium": 0.5092592592592593,
    "hard": 0.5
  },
  "accuracy_by_steps": {
    "1steps": 0.6173913043478261,
    "2steps": 0.5217391304347826,
    "3steps": 0.5045045045045045
  },
  "accuracy_by_transformation": {
    "translate": 0.5189873417721519,
    "scale": 0.75,
    "rotate": 0.5112781954887218,
    "flip": 0.4146341463414634
  }
}