{
  "overall_accuracy": 0.4542483660130719,
  "accuracy_by_difficulty": {
    "easy": 0.5490196078431373,
    "medium": 0.4411764705882353,
    "hard": 0.37254901960784315
  },
  "accuracy_by_variant": {
    "easy all": 0.5735294117647058,
    "medium all": 0.4411764705882353,
    "hard all": 0.35294117647058826,
    "easy partial": 0.5,
    "medium partial": 0.4411764705882353,
    "hard partial": 0.4117647058823529
  }
}