{
  "overall_accuracy": 0.4542483660130719,
  "accuracy_by_variant": {
    "all": 0.45588235294117646,
    "partial": 0.45098039215686275
  },
  "accuracy_by_difficulty": {
    "easy": 0.5,
    "medium": 0.4411764705882353,
    "hard": 0.4117647058823529
  },
  "accuracy_by_steps": {
    "3steps": 0.45098039215686275
  },
  "accuracy_by_transformation": {
    "rotate": 0.41358024691358025,
    "translate": 0.4627450980392157,
    "shear": 0.38333333333333336,
    "scale": 0.57,
    "flip": 0.6458333333333334
  }
}