{
  "overall_accuracy": 0.32679738562091504,
  "accuracy_by_variant": {
    "all": 0.30392156862745096,
    "partial": 0.37254901960784315
  },
  "accuracy_by_difficulty": {
    "easy": 0.4117647058823529,
    "medium": 0.2647058823529412,
    "hard": 0.4411764705882353
  },
  "accuracy_by_steps": {
    "3steps": 0.37254901960784315
  },
  "accuracy_by_transformation": {
    "translate": 0.34375,
    "scale": 0.45,
    "rotate": 0.34057971014492755,
    "shear": 0.31746031746031744
  }
}