{
  "overall_f1": 0.37097964356181523,
  "overall_accuracy": 0.48186528497409326,
  "metrics_by_variant": {
    "q only": {
      "f1": 0.33203125,
      "accuracy": 0.4375,
      "count": 96
    },
    "q+steps": {
      "f1": 0.41432989690721644,
      "accuracy": 0.5257731958762887,
      "count": 97
    }
  },
  "metrics_by_steps": {
    "5": {
      "f1": 0.37097964356181523,
      "accuracy": 0.48186528497409326,
      "count": 193
    }
  },
  "all_metrics": {
    "overall_f1": 0.37097964356181523,
    "q only_f1": 0.33203125,
    "q+steps_f1": 0.41432989690721644,
    "5_f1": 0.37097964356181523,
    "5_count": 193
  }
}