{
  "overall_accuracy": 0.26143790849673204,
  "accuracy_by_variant": {
    "all": 0.27941176470588236,
    "partial": 0.22549019607843138
  },
  "accuracy_by_difficulty": {
    "easy": 0.36764705882352944,
    "medium": 0.19117647058823528,
    "hard": 0.27941176470588236
  },
  "accuracy_by_steps": {
    "2steps": 0.30392156862745096,
    "3steps": 0.2549019607843137
  },
  "accuracy_by_transformation": {
    "rotate": 0.30097087378640774,
    "translate": 0.24848484848484848,
    "shear": 0.30952380952380953,
    "scale": 0.3064516129032258,
    "flip": 0.15384615384615385
  }
}