{
  "overall_accuracy": 0.27124183006535946,
  "accuracy_by_variant": {
    "no": 0.27124183006535946
  },
  "accuracy_by_difficulty": {
    "easy": 0.22549019607843138,
    "medium": 0.3235294117647059,
    "hard": 0.2647058823529412
  },
  "accuracy_by_steps": {
    "1steps": 0.30392156862745096,
    "2steps": 0.2647058823529412,
    "3steps": 0.24509803921568626
  },
  "accuracy_by_transformation": {
    "shear": 0.32653061224489793,
    "translate": 0.2535211267605634,
    "scale": 0.24444444444444444,
    "rotate": 0.25862068965517243,
    "flip": 0.07142857142857142
  }
}