{
  "overall_accuracy": 0.28431372549019607,
  "accuracy_by_variant": {
    "no": 0.28431372549019607
  },
  "accuracy_by_difficulty": {
    "easy": 0.3137254901960784,
    "medium": 0.28431372549019607,
    "hard": 0.2549019607843137
  },
  "accuracy_by_steps": {
    "1steps": 0.30392156862745096,
    "2steps": 0.30392156862745096,
    "3steps": 0.24509803921568626
  },
  "accuracy_by_transformation": {
    "translate": 0.30718954248366015,
    "shear": 0.19444444444444445,
    "rotate": 0.2702702702702703,
    "scale": 0.4095238095238095
  }
}