{
  "overall_accuracy": 0.3161764705882353,
  "accuracy_by_variant": {
    "all w ans": 0.3431372549019608,
    "all": 0.3284313725490196,
    "all last": 0.29411764705882354,
    "partial": 0.2549019607843137
  },
  "accuracy_by_difficulty": {
    "easy": 0.45588235294117646,
    "medium": 0.25,
    "hard": 0.27941176470588236
  },
  "accuracy_by_steps": {
    "2steps": 0.3627450980392157,
    "3steps": 0.29411764705882354
  },
  "accuracy_by_transformation": {
    "shear": 0.26666666666666666,
    "translate": 0.35185185185185186,
    "rotate": 0.2727272727272727,
    "scale": 0.45161290322580644
  }
}