{
  "overall_accuracy": 0.2549019607843137,
  "accuracy_by_variant": {
    "no": 0.2549019607843137
  },
  "accuracy_by_difficulty": {
    "easy": 0.2549019607843137,
    "medium": 0.20588235294117646,
    "hard": 0.30392156862745096
  },
  "accuracy_by_steps": {
    "1steps": 0.2549019607843137,
    "2steps": 0.28431372549019607,
    "3steps": 0.22549019607843138
  },
  "accuracy_by_transformation": {
    "translate": 0.25287356321839083,
    "shear": 0.2905982905982906,
    "rotate": 0.1875,
    "scale": 0.28888888888888886
  }
}