{
  "overall_f1": 0.48969216003040017,
  "overall_accuracy": 0.4675,
  "metrics_by_variant": {
    "color": {
      "f1": 0.8800479732352404,
      "accuracy": 0.88,
      "count": 200
    },
    "connectivity": {
      "f1": 0.09933634682555988,
      "accuracy": 0.055,
      "count": 200
    }
  },
  "metrics_by_steps": {
    "5": {
      "f1": 0.48969216003040017,
      "accuracy": 0.4675,
      "count": 400
    }
  },
  "all_metrics": {
    "overall_f1": 0.48969216003040017,
    "color_f1": 0.8800479732352404,
    "connectivity_f1": 0.09933634682555988,
    "5_f1": 0.48969216003040017,
    "5_count": 400
  }
}