{
  "overall_f1": 0.2196028880866426,
  "overall_accuracy": 0.385,
  "metrics_by_variant": {
    "step3": {
      "f1": 0.2740123233055455,
      "accuracy": 0.43548387096774194,
      "count": 62
    },
    "step5": {
      "f1": 0.06203473945409429,
      "accuracy": 0.19230769230769232,
      "count": 26
    },
    "step2": {
      "f1": 0.4923211935059236,
      "accuracy": 0.6226415094339622,
      "count": 53
    },
    "step6": {
      "f1": 0.0,
      "accuracy": 0.0,
      "count": 21
    },
    "step4": {
      "f1": 0.15157894736842104,
      "accuracy": 0.3157894736842105,
      "count": 38
    }
  },
  "metrics_by_steps": {
    "5": {
      "f1": 0.2196028880866426,
      "accuracy": 0.385,
      "count": 200
    }
  },
  "all_metrics": {
    "overall_f1": 0.2196028880866426,
    "step3_f1": 0.2740123233055455,
    "step5_f1": 0.06203473945409429,
    "step2_f1": 0.4923211935059236,
    "step6_f1": 0.0,
    "step4_f1": 0.15157894736842104,
    "5_f1": 0.2196028880866426,
    "5_count": 200
  }
}