{
  "accuracy": 0.35668789808917195,
  "f1_macro": 0.25146555935515386,
  "answer_counts": {
    "a": {
      "gt": 151,
      "pred": 27
    },
    "b": {
      "gt": 161,
      "pred": 23
    },
    "c": {
      "gt": 159,
      "pred": 421
    }
  },
  "total_samples": 471
}