{
  "overall_accuracy": 0.3588235294117647,
  "accuracy_by_difficulty": {
    "easy": 0.43529411764705883,
    "medium": 0.3,
    "hard": 0.3411764705882353
  },
  "accuracy_by_variant": {
    "all w ans": 0.3758169934640523,
    "all": 0.36764705882352944,
    "all last": 0.35784313725490197,
    "partial": 0.3431372549019608
  }
}