{
  "overall_f1": 0.4071578779384776,
  "overall_accuracy": 0.49222797927461137,
  "metrics_by_variant": {
    "q_only": {
      "f1": 0.3440860215053763,
      "accuracy": 0.4583333333333333,
      "count": 96
    },
    "q+steps": {
      "f1": 0.4690311329948197,
      "accuracy": 0.5257731958762887,
      "count": 97
    }
  }
}