{
  "overall_f1": 0.5226657690203834,
  "overall_accuracy": 0.5209424083769634,
  "metrics_by_variant": {
    "q+steps+all_intermediate_last_vis": {
      "f1": 0.5437987638058567,
      "accuracy": 0.5397727272727273,
      "count": 176
    },
    "q+steps+all_for_valid_vis": {
      "f1": 0.5040078053530852,
      "accuracy": 0.5048543689320388,
      "count": 206
    },
    "q+steps+all_intermediate_vis": {
      "f1": 0.5289588850097281,
      "accuracy": 0.529126213592233,
      "count": 206
    },
    "q+steps+partial_vis": {
      "f1": 0.519078947368421,
      "accuracy": 0.5113636363636364,
      "count": 176
    }
  }
}