{
  "overall_f1": 0.5450793588626371,
  "overall_accuracy": 0.5425531914893617,
  "metrics_by_variant": {
    "q+steps": {
      "f1": 0.4839679719740915,
      "accuracy": 0.4854368932038835,
      "count": 206
    },
    "q_only": {
      "f1": 0.620270643468655,
      "accuracy": 0.611764705882353,
      "count": 170
    }
  }
}