{
  "overall_accuracy": 0.4163346613545817,
  "accuracy_by_difficulty": {
    "easy": 0.5277777777777778,
    "medium": 0.3614457831325301,
    "hard": 0.34615384615384615
  },
  "accuracy_by_variant": {
    "all w ans": 0.4440894568690096,
    "all": 0.42424242424242425,
    "all last": 0.4444444444444444,
    "partial": 0.3490566037735849
  }
}