{
  "overall_accuracy": 0.5490196078431373,
  "accuracy_by_variant": {
    "all": 0.553921568627451,
    "partial": 0.5392156862745098
  },
  "accuracy_by_difficulty": {
    "easy": 0.6470588235294118,
    "medium": 0.5588235294117647,
    "hard": 0.4117647058823529
  },
  "accuracy_by_steps": {
    "3steps": 0.5392156862745098
  },
  "accuracy_by_transformation": {
    "rotate": 0.5370370370370371,
    "translate": 0.5568627450980392,
    "shear": 0.43333333333333335,
    "scale": 0.66,
    "flip": 0.625
  }
}