{
  "overall_accuracy": 0.43504901960784315,
  "accuracy_by_variant": {
    "all w ans": 0.4150326797385621,
    "all": 0.45098039215686275,
    "all last": 0.4362745098039216,
    "partial": 0.46078431372549017
  },
  "accuracy_by_difficulty": {
    "easy": 0.47058823529411764,
    "medium": 0.4411764705882353,
    "hard": 0.4411764705882353
  },
  "accuracy_by_steps": {
    "2steps": 0.47058823529411764,
    "3steps": 0.43137254901960786
  },
  "accuracy_by_transformation": {
    "shear": 0.3466666666666667,
    "translate": 0.46296296296296297,
    "rotate": 0.45454545454545453,
    "scale": 0.4838709677419355
  }
}