{
  "overall_accuracy": 0.43504901960784315,
  "accuracy_by_variant": {
    "all w ans": 0.4150326797385621,
    "all": 0.45098039215686275,
    "all last": 0.4362745098039216,
    "partial": 0.46078431372549017
  },
  "accuracy_by_difficulty": {
    "easy": 0.5220588235294118,
    "medium": 0.39705882352941174,
    "hard": 0.3860294117647059
  },
  "accuracy_by_steps": {
    "1steps": 0.28431372549019607,
    "2steps": 0.4738562091503268,
    "3steps": 0.44362745098039214
  },
  "accuracy_by_transformation": {
    "translate": 0.460093896713615,
    "shear": 0.37216828478964403,
    "rotate": 0.4297520661157025,
    "scale": 0.4924924924924925
  }
}