{
  "overall_accuracy": 0.4084967320261438,
  "accuracy_by_variant": {
    "no": 0.4084967320261438
  },
  "accuracy_by_difficulty": {
    "easy": 0.4215686274509804,
    "medium": 0.38235294117647056,
    "hard": 0.4215686274509804
  },
  "accuracy_by_steps": {
    "1steps": 0.38235294117647056,
    "2steps": 0.43137254901960786,
    "3steps": 0.4117647058823529
  },
  "accuracy_by_transformation": {
    "translate": 0.45098039215686275,
    "shear": 0.3333333333333333,
    "rotate": 0.36936936936936937,
    "scale": 0.47619047619047616
  }
}