{
  "overall_accuracy": 0.5326797385620915,
  "accuracy_by_variant": {
    "all": 0.5392156862745098,
    "partial": 0.5196078431372549
  },
  "accuracy_by_difficulty": {
    "easy": 0.6323529411764706,
    "medium": 0.5,
    "hard": 0.4852941176470588
  },
  "accuracy_by_steps": {
    "2steps": 0.49019607843137253,
    "3steps": 0.5882352941176471
  },
  "accuracy_by_transformation": {
    "translate": 0.5503875968992248,
    "scale": 0.6923076923076923,
    "rotate": 0.4642857142857143,
    "shear": 0.5476190476190477
  }
}