{
  "overall_accuracy": 0.5326797385620915,
  "accuracy_by_variant": {
    "all": 0.5392156862745098,
    "partial": 0.5196078431372549
  },
  "accuracy_by_difficulty": {
    "easy": 0.5882352941176471,
    "medium": 0.4117647058823529,
    "hard": 0.5588235294117647
  },
  "accuracy_by_steps": {
    "3steps": 0.5196078431372549
  },
  "accuracy_by_transformation": {
    "translate": 0.546875,
    "scale": 0.675,
    "rotate": 0.427536231884058,
    "shear": 0.5555555555555556
  }
}