{
  "overall_accuracy": 0.45098039215686275,
  "accuracy_by_variant": {
    "no": 0.45098039215686275
  },
  "accuracy_by_difficulty": {
    "easy": 0.5588235294117647,
    "medium": 0.4019607843137255,
    "hard": 0.39215686274509803
  },
  "accuracy_by_steps": {
    "1steps": 0.4803921568627451,
    "2steps": 0.4215686274509804,
    "3steps": 0.45098039215686275
  },
  "accuracy_by_transformation": {
    "translate": 0.46551724137931033,
    "shear": 0.4017094017094017,
    "rotate": 0.3645833333333333,
    "scale": 0.6111111111111112
  }
}