{
  "overall_accuracy": 0.45098039215686275,
  "accuracy_by_difficulty": {
    "easy": 0.5588235294117647,
    "medium": 0.4019607843137255,
    "hard": 0.39215686274509803
  },
  "accuracy_by_variant": {
    "no": 0.45098039215686275
  }
}