{
  "overall_f1": 0.35153670976351664,
  "overall_accuracy": 0.47150259067357514,
  "metrics_by_variant": {
    "q_only": {
      "f1": 0.2896517412935324,
      "accuracy": 0.3854166666666667,
      "count": 96
    },
    "q+steps": {
      "f1": 0.4157445205532108,
      "accuracy": 0.5567010309278351,
      "count": 97
    }
  }
}