{
  "overall_f1": 0.48314036592338483,
  "overall_accuracy": 0.5666666666666667,
  "metrics_by_variant": {
    "q+steps+all_intermediate_last_vis": {
      "f1": 0.4229388843314192,
      "accuracy": 0.5652173913043478,
      "count": 69
    },
    "q+steps+all_intermediate_vis": {
      "f1": 0.5343232633555214,
      "accuracy": 0.5913978494623656,
      "count": 93
    },
    "q+steps+partial_vis": {
      "f1": 0.4185198247698248,
      "accuracy": 0.515625,
      "count": 64
    },
    "q+steps+all_vis": {
      "f1": 0.5119819630036608,
      "accuracy": 0.581081081081081,
      "count": 74
    }
  }
}