{
  "accuracy": 0.31422505307855625,
  "f1_macro": 0.2662970980958133,
  "answer_counts": {
    "a": {
      "gt": 151,
      "pred": 44
    },
    "b": {
      "gt": 161,
      "pred": 306
    },
    "c": {
      "gt": 159,
      "pred": 121
    }
  },
  "total_samples": 471
}