{
  "overall_f1": 0.6117042111491695,
  "overall_accuracy": 0.6196808510638298,
  "metrics_by_variant": {
    "q+steps": {
      "f1": 0.47686110821033845,
      "accuracy": 0.5388349514563107,
      "count": 206
    },
    "q_only": {
      "f1": 0.7231833910034602,
      "accuracy": 0.7176470588235294,
      "count": 170
    }
  }
}