{
  "overall_accuracy": 0.5490196078431373,
  "accuracy_by_difficulty": {
    "easy": 0.696078431372549,
    "medium": 0.5196078431372549,
    "hard": 0.43137254901960786
  },
  "accuracy_by_variant": {
    "all": 0.553921568627451,
    "partial": 0.5392156862745098
  }
}