{
  "overall_accuracy": 0.4470588235294118,
  "accuracy_by_difficulty": {
    "easy": 0.5411764705882353,
    "medium": 0.4176470588235294,
    "hard": 0.38235294117647056
  },
  "accuracy_by_variant": {
    "all w ans": 0.4150326797385621,
    "all": 0.45098039215686275,
    "all last": 0.4362745098039216,
    "partial": 0.46078431372549017
  }
}