{
  "overall_accuracy": 0.5326797385620915,
  "accuracy_by_difficulty": {
    "easy": 0.6176470588235294,
    "medium": 0.47058823529411764,
    "hard": 0.5098039215686274
  },
  "accuracy_by_variant": {
    "all": 0.5392156862745098,
    "partial": 0.5196078431372549
  }
}