{
  "overall_f1": 0.8883303589227622,
  "overall_accuracy": 0.8875,
  "metrics_by_variant": {
    "color": {
      "f1": 0.9599585386687692,
      "accuracy": 0.96,
      "count": 200
    },
    "connectivity": {
      "f1": 0.8167021791767555,
      "accuracy": 0.815,
      "count": 200
    }
  }
}