{
  "overall_f1": 0.5313946409808069,
  "overall_accuracy": 0.5575916230366492,
  "metrics_by_variant": {
    "q+steps+all_intermediate_last_vis": {
      "f1": 0.443158953722334,
      "accuracy": 0.48863636363636365,
      "count": 176
    },
    "q+steps+all_for_valid_vis": {
      "f1": 0.5955025142573125,
      "accuracy": 0.6019417475728155,
      "count": 206
    },
    "q+steps+all_intermediate_vis": {
      "f1": 0.5689333691027566,
      "accuracy": 0.6067961165048543,
      "count": 206
    },
    "q+steps+partial_vis": {
      "f1": 0.489596718394781,
      "accuracy": 0.5170454545454546,
      "count": 176
    }
  }
}