{
  "overall_accuracy": 0.1952191235059761,
  "accuracy_by_difficulty": {
    "easy": 0.2722222222222222,
    "medium": 0.18072289156626506,
    "hard": 0.12179487179487179
  },
  "accuracy_by_variant": {
    "all w ans": 0.25878594249201275,
    "all": 0.23232323232323232,
    "all last": 0.1717171717171717,
    "partial": 0.16981132075471697
  }
}