{
  "overall_accuracy": 0.16013071895424835,
  "accuracy_by_difficulty": {
    "easy": 0.18627450980392157,
    "medium": 0.14705882352941177,
    "hard": 0.14705882352941177
  },
  "accuracy_by_variant": {
    "all": 0.16666666666666666,
    "partial": 0.14705882352941177
  }
}