{
  "overall_f1": 0.4348207858228388,
  "overall_accuracy": 0.5181347150259067,
  "metrics_by_variant": {
    "q_only": {
      "f1": 0.40647427088105054,
      "accuracy": 0.4583333333333333,
      "count": 96
    },
    "q+steps": {
      "f1": 0.45802203311682205,
      "accuracy": 0.5773195876288659,
      "count": 97
    }
  }
}