{
  "overall_f1": 0.45761889072165374,
  "overall_accuracy": 0.5274869109947644,
  "metrics_by_variant": {
    "q+steps+all_intermediate_last_vis": {
      "f1": 0.48479823106688774,
      "accuracy": 0.5681818181818182,
      "count": 176
    },
    "q+steps+all_for_valid_vis": {
      "f1": 0.450336071695295,
      "accuracy": 0.5194174757281553,
      "count": 206
    },
    "q+steps+all_intermediate_vis": {
      "f1": 0.4271529766735514,
      "accuracy": 0.49514563106796117,
      "count": 206
    },
    "q+steps+partial_vis": {
      "f1": 0.47801556420233465,
      "accuracy": 0.5340909090909091,
      "count": 176
    }
  }
}