{
  "overall_f1": 0.5004935198851869,
  "overall_accuracy": 0.5425531914893617,
  "metrics_by_variant": {
    "q+steps": {
      "f1": 0.40056422215609133,
      "accuracy": 0.470873786407767,
      "count": 206
    },
    "q_only": {
      "f1": 0.6196737518536827,
      "accuracy": 0.6294117647058823,
      "count": 170
    }
  }
}