{
  "overall_accuracy": 0.2196319018404908,
  "accuracy_by_variant": {
    "all w ans": 0.25878594249201275,
    "all": 0.23232323232323232,
    "all last": 0.1717171717171717,
    "partial": 0.16981132075471697
  },
  "accuracy_by_difficulty": {
    "easy": 0.29577464788732394,
    "medium": 0.22727272727272727,
    "hard": 0.16393442622950818
  },
  "accuracy_by_steps": {
    "2steps": 0.29347826086956524,
    "3steps": 0.1792452830188679
  },
  "accuracy_by_transformation": {
    "rotate": 0.24299065420560748,
    "translate": 0.20606060606060606,
    "flip": 0.17647058823529413,
    "scale": 0.24324324324324326
  }
}