{
  "overall_accuracy": 0.16013071895424835,
  "accuracy_by_variant": {
    "all": 0.16666666666666666,
    "partial": 0.14705882352941177
  },
  "accuracy_by_difficulty": {
    "easy": 0.22058823529411764,
    "medium": 0.16176470588235295,
    "hard": 0.11764705882352941
  },
  "accuracy_by_steps": {
    "2steps": 0.16666666666666666,
    "3steps": 0.16666666666666666
  },
  "accuracy_by_transformation": {
    "rotate": 0.13592233009708737,
    "translate": 0.16363636363636364,
    "shear": 0.19047619047619047,
    "scale": 0.22580645161290322,
    "flip": 0.11538461538461539
  }
}