{
  "overall_accuracy": 0.30269607843137253,
  "accuracy_by_variant": {
    "all w ans": 0.30392156862745096,
    "all": 0.3284313725490196,
    "all last": 0.28431372549019607,
    "partial": 0.28431372549019607
  },
  "accuracy_by_difficulty": {
    "easy": 0.4117647058823529,
    "medium": 0.29411764705882354,
    "hard": 0.27941176470588236
  },
  "accuracy_by_steps": {
    "2steps": 0.38235294117647056,
    "3steps": 0.27450980392156865
  },
  "accuracy_by_transformation": {
    "shear": 0.38666666666666666,
    "translate": 0.26851851851851855,
    "rotate": 0.30303030303030304,
    "scale": 0.40860215053763443
  }
}