{
  "overall_f1": 0.4348207858228388,
  "overall_accuracy": 0.5181347150259067,
  "metrics_by_variant": {
    "q only": {
      "f1": 0.40647427088105054,
      "accuracy": 0.4583333333333333,
      "count": 96
    },
    "q+steps": {
      "f1": 0.45802203311682205,
      "accuracy": 0.5773195876288659,
      "count": 97
    }
  },
  "metrics_by_steps": {
    "5": {
      "f1": 0.4348207858228388,
      "accuracy": 0.5181347150259067,
      "count": 193
    }
  },
  "all_metrics": {
    "overall_f1": 0.4348207858228388,
    "q only_f1": 0.40647427088105054,
    "q+steps_f1": 0.45802203311682205,
    "5_f1": 0.4348207858228388,
    "5_count": 193
  }
}