{
  "overall_f1": 0.3721506405091808,
  "overall_accuracy": 0.5049751243781094,
  "metrics_by_variant": {
    "q+steps+all intermediate last vis": {
      "f1": 0.39603554340396446,
      "accuracy": 0.5,
      "count": 94
    },
    "q+steps+all intermediate vis": {
      "f1": 0.41044932079414836,
      "accuracy": 0.5333333333333333,
      "count": 120
    },
    "q+steps+partial vis": {
      "f1": 0.3528532735593537,
      "accuracy": 0.5060240963855421,
      "count": 83
    },
    "all for valid no": {
      "f1": 0.03508771929824561,
      "accuracy": 0.017857142857142856,
      "count": 56
    },
    "all for valid yes": {
      "f1": 1.0,
      "accuracy": 1.0,
      "count": 49
    }
  },
  "metrics_by_steps": {
    "5": {
      "f1": 0.3721506405091808,
      "accuracy": 0.5049751243781094,
      "count": 402
    }
  },
  "all_metrics": {
    "overall_f1": 0.3721506405091808,
    "q+steps+all intermediate last vis_f1": 0.39603554340396446,
    "q+steps+all intermediate vis_f1": 0.41044932079414836,
    "q+steps+partial vis_f1": 0.3528532735593537,
    "all for valid no_f1": 0.03508771929824561,
    "all for valid yes_f1": 1.0,
    "5_f1": 0.3721506405091808,
    "5_count": 402
  }
}