{
  "accuracy": 0.3333333333333333,
  "f1_macro": 0.276500919160075,
  "answer_counts": {
    "a": {
      "gt": 151,
      "pred": 98
    },
    "b": {
      "gt": 161,
      "pred": 332
    },
    "c": {
      "gt": 159,
      "pred": 41
    }
  },
  "total_samples": 471
}