{
  "overall_f1": 0.45761889072165374,
  "overall_accuracy": 0.5274869109947644,
  "metrics_by_variant": {
    "q+steps+all intermediate last vis": {
      "f1": 0.48479823106688774,
      "accuracy": 0.5681818181818182,
      "count": 176
    },
    "all for valid no": {
      "f1": 0.2222222222222222,
      "accuracy": 0.125,
      "count": 96
    },
    "q+steps+all intermediate vis": {
      "f1": 0.4271529766735514,
      "accuracy": 0.49514563106796117,
      "count": 206
    },
    "all for valid yes": {
      "f1": 0.926829268292683,
      "accuracy": 0.8636363636363636,
      "count": 110
    },
    "q+steps+partial vis": {
      "f1": 0.47801556420233465,
      "accuracy": 0.5340909090909091,
      "count": 176
    }
  },
  "metrics_by_steps": {
    "5": {
      "f1": 0.4601255504974711,
      "accuracy": 0.5607476635514018,
      "count": 214
    },
    "4": {
      "f1": 0.5793300740425833,
      "accuracy": 0.6237113402061856,
      "count": 194
    },
    "9": {
      "f1": 0.0945945945945946,
      "accuracy": 0.21875,
      "count": 32
    },
    "7": {
      "f1": 0.391256180186779,
      "accuracy": 0.5,
      "count": 86
    },
    "8": {
      "f1": 0.1867816091954023,
      "accuracy": 0.2708333333333333,
      "count": 48
    },
    "3": {
      "f1": 0.7964601769911505,
      "accuracy": 0.6617647058823529,
      "count": 68
    },
    "6": {
      "f1": 0.3708395429706905,
      "accuracy": 0.4426229508196721,
      "count": 122
    }
  },
  "all_metrics": {
    "overall_f1": 0.45761889072165374,
    "q+steps+all intermediate last vis_f1": 0.48479823106688774,
    "all for valid no_f1": 0.2222222222222222,
    "q+steps+all intermediate vis_f1": 0.4271529766735514,
    "all for valid yes_f1": 0.926829268292683,
    "q+steps+partial vis_f1": 0.47801556420233465,
    "5_f1": 0.4601255504974711,
    "5_count": 214,
    "4_f1": 0.5793300740425833,
    "4_count": 194,
    "9_f1": 0.0945945945945946,
    "9_count": 32,
    "7_f1": 0.391256180186779,
    "7_count": 86,
    "8_f1": 0.1867816091954023,
    "8_count": 48,
    "3_f1": 0.7964601769911505,
    "3_count": 68,
    "6_f1": 0.3708395429706905,
    "6_count": 122
  }
}