{
  "overall_f1": 0.5004935198851869,
  "overall_accuracy": 0.5425531914893617,
  "metrics_by_variant": {
    "q+steps": {
      "f1": 0.40056422215609133,
      "accuracy": 0.470873786407767,
      "count": 206
    },
    "q only": {
      "f1": 0.6196737518536827,
      "accuracy": 0.6294117647058823,
      "count": 170
    }
  },
  "metrics_by_steps": {
    "5": {
      "f1": 0.5225157232704403,
      "accuracy": 0.5849056603773585,
      "count": 106
    },
    "4": {
      "f1": 0.465262599469496,
      "accuracy": 0.51,
      "count": 100
    },
    "7": {
      "f1": 0.5444555444555444,
      "accuracy": 0.5897435897435898,
      "count": 39
    },
    "6": {
      "f1": 0.5068603712671509,
      "accuracy": 0.559322033898305,
      "count": 59
    },
    "3": {
      "f1": 0.6122448979591837,
      "accuracy": 0.4411764705882353,
      "count": 34
    },
    "8": {
      "f1": 0.5316614420062696,
      "accuracy": 0.5909090909090909,
      "count": 22
    },
    "9": {
      "f1": 0.4176470588235295,
      "accuracy": 0.4375,
      "count": 16
    }
  },
  "all_metrics": {
    "overall_f1": 0.5004935198851869,
    "q+steps_f1": 0.40056422215609133,
    "q only_f1": 0.6196737518536827,
    "5_f1": 0.5225157232704403,
    "5_count": 106,
    "4_f1": 0.465262599469496,
    "4_count": 100,
    "7_f1": 0.5444555444555444,
    "7_count": 39,
    "6_f1": 0.5068603712671509,
    "6_count": 59,
    "3_f1": 0.6122448979591837,
    "3_count": 34,
    "8_f1": 0.5316614420062696,
    "8_count": 22,
    "9_f1": 0.4176470588235295,
    "9_count": 16
  }
}