{
  "overall_accuracy": 0.35435435435435436,
  "accuracy_by_variant": {
    "no": 0.35435435435435436
  },
  "accuracy_by_difficulty": {
    "easy": 0.4482758620689655,
    "medium": 0.3706896551724138,
    "hard": 0.22772277227722773
  },
  "accuracy_by_steps": {
    "1steps": 0.4594594594594595,
    "2steps": 0.24752475247524752,
    "3steps": 0.34710743801652894
  },
  "accuracy_by_transformation": {
    "translate": 0.30859375,
    "scale": 0.4563106796116505,
    "rotate": 0.3150684931506849,
    "flip": 0.2631578947368421
  }
}