{
  "overall_f1": 0.4071578779384776,
  "overall_accuracy": 0.49222797927461137,
  "metrics_by_variant": {
    "q only": {
      "f1": 0.3440860215053763,
      "accuracy": 0.4583333333333333,
      "count": 96
    },
    "q+steps": {
      "f1": 0.4690311329948197,
      "accuracy": 0.5257731958762887,
      "count": 97
    }
  },
  "metrics_by_steps": {
    "5": {
      "f1": 0.4071578779384776,
      "accuracy": 0.49222797927461137,
      "count": 193
    }
  },
  "all_metrics": {
    "overall_f1": 0.4071578779384776,
    "q only_f1": 0.3440860215053763,
    "q+steps_f1": 0.4690311329948197,
    "5_f1": 0.4071578779384776,
    "5_count": 193
  }
}