{
  "accuracy": 0.3651804670912951,
  "f1_macro": 0.31801349342958307,
  "answer_counts": {
    "a": {
      "gt": 151,
      "pred": 86
    },
    "b": {
      "gt": 161,
      "pred": 338
    },
    "c": {
      "gt": 159,
      "pred": 47
    }
  },
  "total_samples": 471
}