{
  "overall_accuracy": 0.550314465408805,
  "accuracy_by_difficulty": {
    "easy": 0.631578947368421,
    "medium": 0.5092592592592593,
    "hard": 0.5
  },
  "accuracy_by_variant": {
    "": 0.550314465408805
  }
}