{
  "overall_accuracy": 0.4084967320261438,
  "accuracy_by_difficulty": {
    "easy": 0.4803921568627451,
    "medium": 0.37254901960784315,
    "hard": 0.37254901960784315
  },
  "accuracy_by_variant": {
    "no": 0.4084967320261438
  }
}