{
  "overall_accuracy": 0.32679738562091504,
  "accuracy_by_difficulty": {
    "easy": 0.29411764705882354,
    "medium": 0.27450980392156865,
    "hard": 0.4117647058823529
  },
  "accuracy_by_variant": {
    "all": 0.30392156862745096,
    "partial": 0.37254901960784315
  }
}