{
  "overall_f1": 0.4015524349051836,
  "overall_accuracy": 0.465,
  "metrics_by_variant": {
    "3d_perception_fold": {
      "f1": 0.4015524349051836,
      "accuracy": 0.465,
      "count": 200
    }
  }
}