{
  "overall_f1": 0.37097964356181523,
  "overall_accuracy": 0.48186528497409326,
  "metrics_by_variant": {
    "q_only": {
      "f1": 0.33203125,
      "accuracy": 0.4375,
      "count": 96
    },
    "q+steps": {
      "f1": 0.41432989690721644,
      "accuracy": 0.5257731958762887,
      "count": 97
    }
  }
}