{
  "overall_f1": 0.6072246612451841,
  "overall_accuracy": 0.6090425531914894,
  "metrics_by_variant": {
    "q+steps": {
      "f1": 0.517301566689328,
      "accuracy": 0.5436893203883495,
      "count": 206
    },
    "q_only": {
      "f1": 0.6945241726189595,
      "accuracy": 0.6882352941176471,
      "count": 170
    }
  }
}