{
  "overall_accuracy": 0.4269938650306748,
  "accuracy_by_variant": {
    "all w ans": 0.4440894568690096,
    "all": 0.42424242424242425,
    "all last": 0.4444444444444444,
    "partial": 0.3490566037735849
  },
  "accuracy_by_difficulty": {
    "easy": 0.5915492957746479,
    "medium": 0.30303030303030304,
    "hard": 0.36065573770491804
  },
  "accuracy_by_steps": {
    "2steps": 0.43478260869565216,
    "3steps": 0.41509433962264153
  },
  "accuracy_by_transformation": {
    "rotate": 0.40186915887850466,
    "translate": 0.3939393939393939,
    "flip": 0.4117647058823529,
    "scale": 0.6081081081081081
  }
}