{
  "overall_f1": 0.42109739512501304,
  "overall_accuracy": 0.47,
  "metrics_by_variant": {
    "step3": {
      "f1": 0.4564796905222437,
      "accuracy": 0.5,
      "count": 62
    },
    "step5": {
      "f1": 0.2307692307692308,
      "accuracy": 0.23076923076923078,
      "count": 26
    },
    "step2": {
      "f1": 0.6362373837893303,
      "accuracy": 0.6792452830188679,
      "count": 53
    },
    "step6": {
      "f1": 0.25,
      "accuracy": 0.14285714285714285,
      "count": 21
    },
    "step4": {
      "f1": 0.44714727996461745,
      "accuracy": 0.47368421052631576,
      "count": 38
    }
  },
  "metrics_by_steps": {
    "5": {
      "f1": 0.42109739512501304,
      "accuracy": 0.47,
      "count": 200
    }
  },
  "all_metrics": {
    "overall_f1": 0.42109739512501304,
    "step3_f1": 0.4564796905222437,
    "step5_f1": 0.2307692307692308,
    "step2_f1": 0.6362373837893303,
    "step6_f1": 0.25,
    "step4_f1": 0.44714727996461745,
    "5_f1": 0.42109739512501304,
    "5_count": 200
  }
}