{
  "overall_f1": 0.6117042111491695,
  "overall_accuracy": 0.6196808510638298,
  "metrics_by_variant": {
    "q+steps": {
      "f1": 0.47686110821033845,
      "accuracy": 0.5388349514563107,
      "count": 206
    },
    "q only": {
      "f1": 0.7231833910034602,
      "accuracy": 0.7176470588235294,
      "count": 170
    }
  },
  "metrics_by_steps": {
    "5": {
      "f1": 0.6500410172272355,
      "accuracy": 0.660377358490566,
      "count": 106
    },
    "4": {
      "f1": 0.5888108810881088,
      "accuracy": 0.59,
      "count": 100
    },
    "7": {
      "f1": 0.6189341311292531,
      "accuracy": 0.6153846153846154,
      "count": 39
    },
    "6": {
      "f1": 0.6786670064992991,
      "accuracy": 0.6949152542372882,
      "count": 59
    },
    "3": {
      "f1": 0.5217391304347826,
      "accuracy": 0.35294117647058826,
      "count": 34
    },
    "8": {
      "f1": 0.6168831168831169,
      "accuracy": 0.6363636363636364,
      "count": 22
    },
    "9": {
      "f1": 0.8188405797101449,
      "accuracy": 0.8125,
      "count": 16
    }
  },
  "all_metrics": {
    "overall_f1": 0.6117042111491695,
    "q+steps_f1": 0.47686110821033845,
    "q only_f1": 0.7231833910034602,
    "5_f1": 0.6500410172272355,
    "5_count": 106,
    "4_f1": 0.5888108810881088,
    "4_count": 100,
    "7_f1": 0.6189341311292531,
    "7_count": 39,
    "6_f1": 0.6786670064992991,
    "6_count": 59,
    "3_f1": 0.5217391304347826,
    "3_count": 34,
    "8_f1": 0.6168831168831169,
    "8_count": 22,
    "9_f1": 0.8188405797101449,
    "9_count": 16
  }
}